countrycode,Country_Names,,,,,,
AD,ANDORRA,,,,,,
AE,UNITED ARAB EMIRATES,,,,,,
AF,AFGHANISTAN,,,,,,
AG,ANTIGUA AND BARBUDA,,,,,,
AI,ANGUILLA,,,,,,
AL,ALBANIA,,,,,,
AM,ARMENIA,,,,,,
AN,NETHERLANDS ANTILLES,,,,,,
AO,ANGOLA,,,,,,
AQ,ANTARCTICA,,,,,,
AR,ARGENTINA,,,,,,
AS,AMERICAN SAMOA,,,,,,
AT,AUSTRIA,,,,,,
AU,AUSTRALIA,,,,,,
AW,ARUBA,,,,,,
AX,ALAND ISLANDS,,,,,,
AZ,AZERBAIJAN,,,,,,
BA,BOSNIA AND HERZEGOVINA,,,,,,
BB,BARBADOS,,,,,,
BD,BANGLADESH,,,,,,
BE,BELGIUM,,,,,,
BF,BURKINA FASO,,,,,,
BG,BULGARIA,,,,,,
BH,BAHRAIN,,,,,,
BI,BURUNDI,,,,,,
BJ,BENIN,,,,,,
BM,BERMUDA,,,,,,
BN,BRUNEI,,,,,,
BO,BOLIVIA,,,,,,
BR,BRAZIL,,,,,,
BS,BAHAMAS,,,,,,
BT,BHUTAN,,,,,,
BV,BOUVET ISLAND,,,,,,
BW,BOTSWANA,,,,,,
BY,BELARUS,,,,,,
BZ,BELIZE,,,,,,
CA,CANADA,,,,,,
CC,COCOS ISLANDS,,,,,,
CD,DEMOCRATIC REPUBLIC OF THE CONGO,,,,CONGO,,
CF,CENTRAL,,,,,,
CG,CONGO,,,,,,
CH,SWITZERLAND,,,,,,
CI,CÃ”TE,,,,,,
CK,COOK ISLANDS,,,,,,
CL,CHILE,,,,,,
CM,CAMEROON,,,,,,
CN,CHINA,,,,,,
CO,COLOMBIA,,,,,,
CR,COSTA RICA,,,,,,
CS,FORMER SERBIA AND MONTENEGRO,,,,,,
CU,CUBA,,,,,,
CV,CAPE VERDE,,,,,,
CX,CHRISTMAS ISLAND,,,,,,
CY,CYPRUS,,,,,,
CZ,CZECH REPUBLIC,,,,,,
DD,FORMER EAST GREMANY,,,,,,
DE,GERMANY,,,,,,
DJ,DJIBOUTI,,,,,,
DK,DENMARK,,,,,,
DM,DOMINICA,,,,,,
DO,DOMINICAN,,,,,,
DZ,ALGERIA,,,,,,
EC,ECUADOR,,,,,,
EE,ESTONIA,,,,,,
EG,EGYPT,,,,,,
EH,WESTERN SAHARA,,,,,,
ER,ERITREA,,,,,,
ES,SPAIN,,,,,,
ET,ETHIOPIA,,,,,,
FI,FINLAND,,,,,,
FJ,FIJI,,,,,,
FK,FALKLAND ISLANDS,,,,,,
FM,FEDERATED STATES OF MICRONESIA,,,,,,
FO,FAROE ISLANDS,,,,,,
FR,FRANCE,,,,,,
GA,GABON,,,,,,
GB,UNITED KINGDOM,,,,BRITAIN,,
AND,NORTHERN IRELAND,,,,,,
GD,GRENADA,,,,,,
GE,GEORGIA,,,,,,
GF,FRENCH GUIANA,,,,,,
GG,GUERNSEY,,,,,,
GH,GHANA,,,,,,
GI,GIBRALTAR,,,,,,
GL,GREENLAND,,,,,,
GM,GAMBIA,,,,,,
GN,GUINEA,,,,,,
GP,GUADELOUPE,,,,,,
GQ,EQUATORIAL GUINEA,,,,,,
GR,GREECE,,,,,,
GS,SOUTH GEORGIA AND THE SOUTH SANDWICH ISLANDS,,,,SOUTH,SANDWICH,ISLANDS
GT,GUATEMALA,,,,,,
GU,GUAM,,,,,,
GW,GUINEA-BISSAU,,,,,,
GY,GUYANA,,,,,,
HK,HONG KONG,,,,,,
HM,HEARD AND MCDONALD ISLANDS,,,,,,
HN,HONDURAS,,,,,,
HR,CROATIA,,,,,,
HT,HAITI,,,,,,
HU,HUNGARY,,,,,,
ID,INDONESIA,,,,,,
IE,IRELAND,,,,,,
IL,ISRAEL,,,,,,
IM,ISLE OF MAN,,,,,,
IN,INDIA,,,,,,
IO,BRITISH INDIAN OCEAN TERRITORY,,,,,,
IQ,IRAQ,,,,,,
IR,IRAN,,,,,,
IS,ICELAND,,,,,,
IT,ITALY,,,,,,
JE,JERSEY,,,,,,
JM,JAMAICA,,,,,,
JO,JORDAN,,,,,,
JP,JAPAN,,,,,,
KE,KENYA,,,,,,
KG,KYRGYZSTAN,,,,,,
KH,CAMBODIA,,,,,,
KI,KIRIBATI,,,,,,
KM,COMOROS,,,,,,
KN,SAINT KITTS AND NEVIS,,,,,,
KP,NORTH KOREA,,,,,,
KR,SOUTH KOREA,,,,,,
KW,KUWAIT,,,,,,
KY,CAYMAN ISLANDS,,,,,,
KZ,KAZAKHSTAN,,,,,,
LA,LAOS,,,,,,
LB,LEBANON,,,,,,
LC,SAINT LUCIA,,,,,,
LI,LIECHTENSTEIN,,,,,,
LK,SRI LANKA,,,,,,
LR,LIBERIA,,,,,,
LS,LESOTHO,,,,,,
LT,LITHUANIA,,,,,,
LU,LUXEMBOURG,,,,,,
LV,LATVIA,,,,,,
LY,LIBYA,,,,,,
MA,MOROCCO,,,,,,
MC,MONACO,,,,,,
MD,MOLDOVA,,,,,,
ME,MONTENEGRO,,,,,,
MG,MADAGASCAR,,,,,,
MH,MARSHALL ISLANDS,,,,,,
MK,MACEDONIA,,,,,,
ML,MALI,,,,,,
MM,MYANMAR,,,,,,
MN,MONGOLIA,,,,,,
MO,MACAU,,,,,,
MP,NORTHERN MARIANA ISLANDS,,,,,,
MQ,MARTINIQUE,,,,,,
MR,MAURITANIA,,,,,,
MS,MONTSERRAT,,,,,,
MT,MALTA,,,,,,
MU,MAURITIUS,,,,,,
MV,MALDIVES,,,,,,
MW,MALAWI,,,,,,
MX,MEXICO,,,,,,
MY,MALAYSIA,,,,,,
MZ,MOZAMBIQUE,,,,,,
NA,NAMIBIA,,,,,,
NC,NEW CALEDONIA,,,,,,
NE,NIGER,,,,,,
NF,NORFOLK ISLAND,,,,,,
NG,NIGERIA,,,,,,
NI,NICARAGUA,,,,,,
NL,NETHERLANDS,,,,,,
NO,NORWAY,,,,,,
NP,NEPAL,,,,,,
NR,NAURU,,,,,,
NU,NIUE,,,,,,
NZ,NEW ZEALAND,,,,,,
OM,OMAN,,,,,,
PA,PANAMA,,,,,,
PC,FORMER PACIFIC TRUST TERRITORY,,,,,,
PE,PERU,,,,,,
PF,FRENCH POLYNESIA,,,,,,
PG,PAPUA NEW GUINEA,,,,,,
PH,PHILIPPINES,,,,,,
PK,PAKISTAN,,,,,,
PL,POLAND,,,,,,
PM,SAINT PIERRE AND MIQUELON,,,,,,
PN,PITCAIRN,,,,,,
PR,PUERTO RICO,,,,,,
PS,OCCUPIED PALESTINIAN TERRITORY,,,,,,
PT,PORTUGAL,,,,,,
PW,PALAU,,,,,,
PY,PARAGUAY,,,,,,
QA,QATAR,,,,,,
RE,RÃ‰UNION,,,,,,
RO,ROMANIA,,,,,,
RS,SERBIA,,,,,,
RU,RUSSIA,,,,,,
RW,RWANDA,,,,,,
SA,SAUDI ARABIA,,,,,,
SB,SOLOMON ISLANDS,,,,,,
SC,SEYCHELLES,,,,,,
SD,SUDAN,,,,,,
SE,SWEDEN,,,,,,
SG,SINGAPORE,,,,,,
SH,SAINT HELENA AND DEPENDENCIES,,,,,,
SI,SLOVENIA,,,,,,
SJ,SVALBARD AND JAN MAYEN ISLANDS,,,,ISLANDS,,
SK,SLOVAKIA,,,,,,
SL,SIERRA LEONE,,,,,,
SM,SAN MARINO,,,,,,
SN,SENEGAL,,,,,,
SO,SOMALIA,,,,,,
SR,SURINAME,,,,,,
ST,SAO TOME AND PRINCIPE,,,,,,
SU,FORMER SOVIET UNION,,,,,,
SV,EL SALVADOR,,,,,,
SY,SYRIA,,,,,,
SZ,SWAZILAND,,,,,,
TC,TURKS AND CAICOS ISLANDS,,,,,,
TD,CHAD,,,,,,
TF,FRENCH SOUTHERN TERRITORIES,,,,,,
TG,TOGO,,,,,,
TH,THAILAND,,,,,,
TJ,TAJIKISTAN,,,,,,
TK,TOKELAU,,,,,,
TL,TIMOR-LESTE,,,,,,
TM,TURKMENISTAN,,,,,,
TN,TUNISIA,,,,,,
TO,TONGA,,,,,,
TR,TURKEY,,,,,,
TT,TRINIDAD AND TOBAGO,,,,,,
TV,TUVALU,,,,,,
TW,TAIWAN PROVINCE OF CHINA,,,,,,
TZ,TANZANIA,,,,,,
UA,UKRAINE,,,,,,
UG,UGANDA,,,,,,
UM,UNITED STATES MINOR OUTERLYING ISLANDS,,,,ISLANDS,,
US,UNITED STATES MINOR OUTERLYING ISLANDS,,,,,,
UY,URUGUAY,,,,,,
UZ,UZBEKISTAN,,,,,,
VA,HOLY SEE,,,,,,
VC,SAINT VINCENT AND THE GRENADINES,,,,GRENADINES,,
VE,VENEZUELA,,,,,,
VG,VIRGIN ISLANDS(BRITISH),,,,,,
VI,VIRGIN ISLANDS(U.S.),,,,,,
VN,VIETNAM,,,,,,
VU,VANUATU,,,,,,
WF,WALLIS AND FUTUNA ISLANDS,,,,,,
WS,SAMOA,,,,,,
XA1,FRENCH ANTILLES,,,,,,
XC1,CARIBBEAN,,,,,,
XE1,EUROPE,,,,,,
XF1,AFRICA,,,,,,
XM1,SOUTH AMERICA,,,,,,
XS1,ASIA,,,,,,
XX1,UNKNOWN,,,,,,
YE,YEMEN,,,,,,
YT,MAYOTTE,,,,,,
YU,FORMER YUGOSLAVIA,,,,,,
ZA,SOUTH AFRICA,,,,,,
ZC1,FORMER CZECHOSLOVAKIA,,,,,,
ZM,ZAMBIA,,,,,,
ZW,ZIMBABWE,,,,,,